test10@gmail.com,"Test first name 10","Test last name 10"
test9@gmail.com,"Test first name 9","Test last name 9"
test8@gmail.com,"Test first name 8","Test last name 8"
test7@gmail.com,"Test first name 7","Test last name 7"
test6@gmail.com,"Test first name 6","Test last name 6"
test5@gmail.com,"Test first name 5","Test last name 5"
test4@gmail.com,"Test first name 4","Test last name 4"
test3@gmail.com,"Test first name 3","Test last name 3"
test2@gmail.com,"Test first name 2","Test last name 2"
test1@gmail.com,"Test first name 1","Test last name 1"
test1@gmail.com,"Test first name 1","Test last name 1"
